NAME,PATH,SIGNATURE
member_loads,l22x6.d/member_loads.csv,d935e291241ba338a4d40c9c96ea3fe5882986a49c7ef7784ef764c2e39e210e
releases,l22x6.d/releases.csv,fdb1d2837e647989d0e79083bc9a94c6989d8af7b1e747d789585b8e08635ea6
supports,l22x6.d/supports.csv,de9fce7a6f7d8a90751fe5304ea1955642334451b154239c3c46624dc1ac03d9
support_displacements,l22x6.d/support_displacements.csv,a6fae381edf3c733d56606b5c4ff5593c83586bce12778d3e011e3042c06d9d0
load_combinations,l22x6.d/load_combinations.csv,0ad48e954c44bdf35dec2a9175cc515031efc086a985652a42079facb8a5b06e
members,l22x6.d/members.csv,98690585616498da425c53e6c3f0ebed73e4a89479e3c61aeae631a67b6cc1c0
nodes,l22x6.d/nodes.csv,20af4860ea372681e81ca4449aaa27f1123d57d4a692067538b1448cb7c43389
node_loads,l22x6.d/node_loads.csv,361db4a50d2742aec80f38a61225804ab4e19eb612b74acc9e453e0e118dc2f5
properties,l22x6.d/properties.csv,0841131cf0ffcf8faeb215efb746c96f11a2aa18e713218446db6ad4e0c1a742
